{
    "IPW_list": [
        0.999999999995165, 
        2.0007952494827883, 
        3.002771766692954, 
        4.008536829738814, 
        4.999756852817441, 
        6.00704844753476, 
        6.988920838143463, 
        8.014847395871163, 
        8.976093360118918, 
        9.979337809972142
    ], 
    "click_model": {
        "click_prob": [
            1.0, 
            0.0
        ], 
        "eta": 1.0, 
        "exam_prob": [
            1.0, 
            0.5, 
            0.3333333333333333, 
            0.25, 
            0.2, 
            0.16666666666666666, 
            0.14285714285714285, 
            0.125, 
            0.1111111111111111, 
            0.1
        ], 
        "model_name": "simple_model"
    }
}